100012665;	45;	0;	2021@11@18
100012666;	45;	0;	2021@11@18
100012864;	152;	0;	2021@11@18
100012893;	1164;	0;	2021@11@18
100012901;	170;	0;	2021@11@18
100012933;	521;	0;	2021@11@18
100012934;	650;	0;	2021@11@18
100012941;	30;	0;	2021@11@18
100012947;	1612;	0;	2021@11@18
100012958;	79;	0;	2021@11@18
100013034;	41;	0;	2021@12@13
100013092;	20;	0;	2021@11@18
100013093;	28;	0;	2021@11@18
100013094;	40;	0;	2021@11@18
100013103;	25;	0;	2021@11@18
100013104;	25;	0;	2021@11@18
100013105;	25;	0;	2021@11@18
100013106;	25;	0;	2021@11@18
100013111;	22;	0;	2021@11@18
100013142;	89;	0;	2021@11@07
100013228;	202;	0;	2021@11@18
100013229;	211;	0;	2021@11@15
100013230;	246;	0;	2021@11@03
100013263;	237;	0;	2021@11@18
100013280;	504;	0;	2021@11@18
100013284;	312;	0;	2021@11@18
100013328;	161;	0;	2021@11@10
100013349;	1286;	0;	2021@11@11
100013350;	7958;	0;	2021@11@18
100013351;	40;	0;	2021@11@18
100013352;	298;	0;	2021@11@18
100013383;	608;	0;	2021@11@18
100013387;	2486;	0;	2021@11@18
100013425;	267;	0;	2021@11@18
100013477;	40;	0;	2021@11@18
100013520;	162;	0;	2021@11@06
100013541;	244;	0;	2021@11@18
100013542;	260;	0;	2021@11@18
100013543;	274;	0;	2021@11@10
100013561;	1772;	0;	2021@11@18
100013562;	1772;	0;	2021@11@18
100013563;	1772;	0;	2021@11@18
100013564;	1772;	0;	2021@11@18
100013587;	133;	0;	2021@11@18
100013601;	32;	0;	2021@11@10
100013604;	206;	0;	2021@11@18
100013605;	82;	0;	2021@11@18
100013606;	50;	0;	2021@11@18
100013607;	36;	0;	2021@11@18
100013608;	40;	0;	2021@11@18
100013612;	223;	0;	2021@11@10
100013613;	403;	0;	2021@11@18
100013614;	28;	0;	2021@11@18
100013620;	443;	0;	2021@11@18
100013622;	135;	0;	2021@11@18
100013630;	56;	0;	2021@11@18
100013675;	19;	0;	2021@11@18
100013676;	86;	0;	2021@11@18
100013677;	69;	0;	2021@11@18
100013691;	12;	0;	2021@11@18
100013692;	40;	0;	2021@11@18
100013728;	456;	0;	2021@11@18
100013748;	277;	0;	2022@02@03
100013763;	1375;	0;	2021@11@18
100013825;	93;	0;	2021@11@18
100013844;	1810;	0;	2021@11@18
100013846;	654;	0;	2021@11@18
100013847;	1810;	0;	2021@11@18
100013865;	2794;	0;	2021@11@18
100013866;	4462;	0;	2021@11@18
100013870;	2544;	0;	2021@11@18
100013871;	4154;	0;	2021@11@18
100013905;	81;	0;	2021@11@18
100013911;	33;	2;	2021@11@18
100013915;	48;	0;	2021@11@18
100013922;	118;	0;	2021@11@18
100013923;	60;	0;	2021@11@18
100013935;	58;	0;	2021@11@11
100013936;	296;	0;	2021@11@18
100013937;	58;	0;	2021@11@18
100013962;	211;	0;	2021@11@01
100013963;	246;	0;	2021@11@06
100013970;	2632;	0;	2021@11@18
100013971;	1810;	0;	2021@11@18
100013973;	58;	4;	2021@12@05
100013974;	58;	0;	2021@11@18
100013975;	58;	0;	2021@11@18
100013977;	292;	0;	2021@11@11
100013978;	154;	0;	2021@11@18
100013979;	246;	0;	2021@11@08
100013989;	122;	0;	2021@11@18
100014001;	37;	0;	2021@11@18
100014002;	40;	0;	2021@11@18
100014003;	87;	0;	2021@11@09
100014007;	95;	0;	2021@11@18
100014008;	130;	0;	2021@11@20
100014010;	130;	0;	2021@11@18
100014016;	9316;	0;	2021@11@18
100014017;	10588;	0;	2021@11@18
100014026;	9316;	0;	2021@11@18
100014034;	4078;	0;	2021@11@18
100014081;	896;	0;	2021@12@03
100014082;	824;	0;	2021@11@18
100014090;	204;	0;	2021@11@10
100014091;	197;	0;	2021@11@18
100014112;	443;	0;	2021@11@18
100014132;	5557;	0;	2021@11@18
100014134;	40;	0;	2021@11@18
100014139;	348;	0;	2021@11@08
100014140;	45;	0;	2021@11@18
100014157;	312;	0;	2021@11@18
100014158;	27;	0;	2021@11@18
100014160;	564;	0;	2021@11@18
100014161;	468;	0;	2021@11@06
100014168;	816;	0;	2021@11@18
100014173;	161;	0;	2021@11@18
100014260;	850;	0;	2021@11@18
100014281;	1327;	0;	2021@11@18
100014288;	30;	0;	2021@11@18
100014290;	3581;	0;	2021@11@18
100014295;	182;	0;	2021@11@18
100014300;	8954;	0;	2021@11@18
100014341;	197;	0;	2021@11@18
100014368;	978;	0;	2021@11@18
100014369;	341;	0;	2021@11@18
100014398;	29;	0;	2021@11@18
100014467;	270;	0;	2021@11@18
100014472;	1378;	0;	2021@11@11
100014473;	717;	3;	2021@11@11
100014482;	6985;	0;	2021@11@18
100014483;	11372;	0;	2021@11@18
100014488;	67;	3;	2021@11@12
100014491;	681;	0;	2021@11@18
100014492;	716;	0;	2021@11@18
100014493;	744;	0;	2021@11@18
100014501;	68;	0;	2021@11@18
100014502;	287;	0;	2021@11@07
100014513;	437;	0;	2021@11@18
100014536;	669;	0;	2021@11@09
100014543;	1024;	0;	2021@11@18
100014549;	1305;	0;	2021@11@18
100014553;	708;	0;	2021@11@18
100014566;	22;	0;	2021@11@18
100014567;	22;	0;	2021@11@18
100014570;	49;	0;	2021@11@18
100014578;	764;	0;	2021@11@18
100014584;	57;	0;	2021@11@18
100014588;	977;	0;	2021@11@18
100014601;	37;	0;	2021@11@23
100014632;	421;	0;	2021@11@18
100014633;	447;	0;	2021@11@18
100014645;	1525;	1;	2021@11@16
100014703;	165;	0;	2021@11@18
100014748;	312;	0;	2021@11@04
100014749;	49;	0;	2021@11@18
100014776;	90;	0;	2021@11@18
100014778;	1063;	0;	2021@11@18
100014798;	397;	1;	2021@11@10
100014826;	213;	0;	2021@11@18
100014827;	213;	0;	2021@11@30
100014828;	77;	0;	2021@11@18
100014829;	77;	0;	2021@11@18
100014830;	144;	0;	2021@11@18
100014831;	144;	0;	2021@11@18
100014832;	82;	0;	2021@11@18
100014833;	82;	0;	2021@11@18
100014834;	52;	0;	2021@11@18
100014835;	60;	0;	2021@11@18
100014836;	77;	0;	2021@11@18
100014837;	77;	0;	2021@11@18
100014839;	11;	0;	2021@11@18
100014846;	4478;	0;	2021@11@18
100014854;	539;	0;	2021@11@18
100014861;	58;	0;	2021@11@18
100014862;	62;	0;	2021@11@18
100014891;	152;	0;	2021@11@18
100014901;	386;	0;	2021@11@18
100014903;	224;	0;	2021@11@18
100014907;	304;	0;	2021@11@18
100014910;	10588;	0;	2021@11@18
100014911;	10588;	0;	2021@11@18
100014912;	10588;	0;	2021@11@18
100014923;	1208;	0;	2021@11@20
100014925;	258;	0;	2021@11@18
100014926;	515;	0;	2021@11@18
100014927;	140;	0;	2021@11@18
100014938;	1774;	0;	2021@11@18
100014962;	2666;	0;	2021@11@18
100014963;	2666;	0;	2021@11@06
100014964;	1289;	0;	2021@11@18
100014965;	2666;	0;	2021@11@18
100014966;	2666;	0;	2021@11@18
100014967;	2666;	0;	2021@11@18
100014968;	2614;	0;	2021@11@18
100014969;	5912;	0;	2021@11@18
100014985;	537;	0;	2021@11@18
100015001;	491;	0;	2021@12@20
100015011;	494;	0;	2021@11@18
100015041;	79;	0;	2021@11@06
100015068;	28;	0;	2021@11@18
100015070;	583;	0;	2021@11@18
100015071;	597;	0;	2021@11@18
100015072;	619;	0;	2021@11@18
100015078;	1299;	0;	2021@11@18
100015167;	4405;	0;	2021@11@18
100015182;	108;	3;	2021@11@24
100015192;	331;	0;	2021@11@18
100015197;	63;	0;	2021@11@18
100015199;	2329;	0;	2021@11@18
100015218;	474;	0;	2021@11@18
100015219;	41;	0;	2021@11@18
100015220;	48;	0;	2021@11@18
100015247;	78;	0;	2021@11@18
100015250;	270;	0;	2021@12@21
100015252;	1772;	0;	2021@11@18
100015253;	546;	0;	2021@11@18
100015259;	18;	0;	2021@11@18
100015261;	1848;	0;	2021@11@18
100015272;	7612;	0;	2021@11@18
100015274;	1165;	0;	2021@11@18
100015281;	161;	0;	2021@11@18
100015284;	381;	0;	2021@11@18
100015291;	352;	0;	2021@11@13
100015292;	341;	0;	2021@11@05
100015293;	97;	0;	2021@11@18
100015295;	447;	0;	2021@11@18
100015296;	97;	0;	2021@11@18
100015297;	97;	0;	2021@11@18
100015298;	97;	0;	2021@11@05
100015302;	1657;	0;	2021@11@18
100015308;	1165;	0;	2021@11@18
100015322;	7612;	0;	2021@11@18
100015324;	90;	0;	2021@11@18
100015331;	443;	0;	2021@11@18
100015332;	45;	0;	2021@11@18
100015333;	72;	0;	2021@11@18
100015340;	1791;	0;	2021@11@18
100015341;	1837;	0;	2021@11@18
100015342;	2956;	0;	2021@11@18
100015374;	69;	0;	2021@11@18
100015375;	28;	0;	2021@11@18
100015376;	37;	0;	2021@11@18
100015377;	50;	0;	2021@11@18
100015378;	314;	0;	2021@11@18
100015379;	378;	0;	2021@11@18
100015380;	108;	0;	2021@11@18
100015399;	939;	0;	2021@11@18
100015409;	48;	0;	2021@11@18
100015410;	48;	0;	2021@11@18
100015411;	50;	0;	2021@11@18
100015412;	50;	0;	2021@11@18
100015413;	50;	0;	2021@11@18
200004104;	29;	0;	2021@11@18
200004158;	46;	0;	2021@12@07
200004162;	89;	0;	2021@11@18
200004342;	199;	0;	2021@11@18
200004343;	199;	0;	2021@11@18
200004344;	228;	0;	2021@11@18
200004345;	228;	0;	2021@11@18
200004346;	241;	0;	2021@11@18
200004347;	256;	0;	2021@11@18
200004348;	171;	0;	2021@11@18
200004349;	185;	0;	2021@11@18
200004350;	143;	0;	2021@11@18
200004351;	228;	0;	2021@11@18
200004352;	213;	0;	2021@11@18
200004353;	199;	0;	2021@11@18
200004354;	171;	0;	2021@11@18
200004355;	143;	0;	2021@11@18
200004356;	86;	0;	2021@11@18
200004357;	199;	0;	2021@11@18
200004358;	171;	0;	2021@11@18
200004359;	114;	0;	2021@11@18
200004413;	50;	0;	2021@11@18
200004415;	91;	0;	2021@11@18
200004417;	35;	0;	2021@11@18
200004421;	66;	0;	2021@11@18
200004542;	18;	0;	2021@11@18
200004625;	306;	0;	2021@11@18
200004656;	1035;	0;	2021@11@18
200004657;	4346;	0;	2021@11@18
200004658;	16213;	0;	2021@11@18
200004665;	8;	0;	2021@11@18
200004666;	14;	0;	2021@11@18
200004667;	34;	0;	2021@11@18
200004670;	56;	0;	2021@12@15
200004671;	93;	0;	2022@01@07
200004672;	116;	0;	2021@11@18
200004673;	141;	0;	2021@11@18
200004674;	185;	0;	2021@12@19
200004675;	260;	0;	2021@11@18
200004676;	418;	0;	2021@11@18
200004677;	550;	0;	2021@11@18
200004678;	25;	0;	2022@01@13
200004679;	37;	0;	2021@11@18
200004680;	47;	0;	2021@12@04
200004681;	79;	0;	2021@11@18
200004694;	75;	0;	2021@11@18
200004695;	140;	0;	2021@11@18
200004786;	298;	0;	2021@11@18
200004787;	3548;	0;	2021@11@18
200004902;	337;	0;	2021@11@18
200004903;	3778;	0;	2021@11@18
200004904;	8683;	0;	2021@11@18
200004950;	30;	0;	2021@11@18
200004964;	286;	0;	2021@11@18
200004975;	22;	0;	2021@11@18
200005010;	1519;	0;	2021@11@18
200005093;	1712;	0;	2021@11@18
200005096;	305;	0;	2021@11@18
200005097;	305;	0;	2021@11@18
200005098;	305;	0;	2021@11@18
200005099;	496;	0;	2021@11@18
200005100;	229;	0;	2021@11@18
200005101;	305;	0;	2021@11@18
200005102;	305;	0;	2021@11@18
200005120;	32;	0;	2021@11@18
200005123;	61;	0;	2021@11@18
200005124;	473;	0;	2021@11@18
200005156;	95;	0;	2021@11@18
200005181;	305;	0;	2021@11@18
200005230;	427;	0;	2021@11@18
200005231;	508;	0;	2021@11@18
200005232;	1028;	0;	2021@11@18
200005249;	737;	0;	2021@11@18
200005251;	866;	0;	2021@11@18
200005252;	1037;	0;	2021@11@18
200005253;	341;	0;	2021@11@18
200005254;	560;	0;	2021@11@18
200005272;	40;	0;	2021@11@18
200005276;	74;	0;	2021@11@22
200005277;	495;	0;	2021@11@18
200005278;	1625;	0;	2021@11@18
200005280;	8586;	0;	2021@11@18
200005281;	5687;	0;	2021@11@18
200005282;	12806;	0;	2021@11@18
200005290;	8556;	0;	2021@11@18
200005291;	1522;	0;	2021@11@18
200005292;	3043;	0;	2021@11@18
200005293;	1522;	0;	2021@11@18
200005294;	1522;	0;	2021@11@18
200005295;	1522;	0;	2021@11@18
200005296;	1522;	0;	2021@11@18
200005297;	1522;	0;	2021@11@18
200005298;	1522;	0;	2021@11@18
200005299;	2473;	0;	2021@11@18
200005300;	3043;	0;	2021@11@18
200005301;	1137;	0;	2021@11@18
200005302;	305;	0;	2021@11@18
200005303;	610;	0;	2021@11@18
200005304;	305;	0;	2021@11@18
200005305;	305;	0;	2021@11@18
200005309;	3253;	0;	2021@11@18
200005310;	11924;	0;	2021@11@18
200005311;	3202;	0;	2021@11@18
200005312;	18407;	0;	2021@11@18
200005313;	305;	0;	2021@11@18
200005329;	24;	0;	2021@11@18
200005330;	24;	0;	2021@11@18
200005359;	87;	0;	2021@12@31
200005360;	632;	0;	2021@11@18
200005361;	1888;	0;	2021@11@18
200005373;	325;	0;	2021@11@18
200005374;	1232;	0;	2021@11@18
200005376;	71;	0;	2021@11@18
200005392;	198;	0;	2021@11@18
200005393;	124;	0;	2021@11@18
200005395;	436;	0;	2021@11@18
200005396;	1625;	0;	2021@11@18
200005410;	48;	0;	2021@11@18
310000150;	155;	0;	2021@11@18
310000151;	369;	0;	2021@11@18
310000152;	644;	0;	2021@10@30
310000153;	115;	0;	2021@11@18
310000154;	275;	0;	2021@11@18
310000155;	481;	0;	2021@11@18
40000847;	528;	0;	2021@11@18
40000851;	565;	0;	2021@11@18
40000981;	1141;	0;	2021@11@18
40001032;	808;	0;	2021@11@18
40001051;	588;	0;	2021@11@18
40001096;	303;	0;	2021@11@18
40001097;	303;	0;	2021@11@18
40001119;	3333;	0;	2021@12@14
40001120;	2398;	0;	2021@11@03
40001121;	4407;	0;	2021@11@09
40001122;	3297;	0;	2021@11@18
40001123;	2943;	0;	2021@11@18
40001151;	12670;	0;	2021@11@18
40001152;	12670;	0;	2021@11@18
40001153;	9352;	0;	2021@11@18
40001154;	9352;	0;	2021@11@18
40001181;	28;	0;	2021@11@18
40001182;	28;	0;	2021@11@18
40001254;	1141;	0;	2021@11@18
40001330;	4432;	0;	2021@11@03
40001372;	2828;	0;	2021@11@18
40001373;	2650;	0;	2021@11@18
40001375;	2774;	0;	2021@11@18
40001381;	2520;	0;	2021@11@18
40001424;	896;	0;	2021@11@18
40001425;	1772;	0;	2021@11@18
40001426;	1327;	0;	2021@11@18
50022215;	329;	0;	2021@11@18
50022792;	305;	0;	2021@11@18
50023151;	533;	0;	2021@11@18
50023172;	533;	0;	2021@11@18
50025482;	352;	0;	2021@11@18
50028199;	352;	0;	2021@11@18
50029556;	328;	0;	2021@11@18
50029923;	188;	0;	2021@11@18
50029924;	270;	0;	2021@11@18
50029929;	8054;	0;	2021@11@18
50030763;	329;	0;	2021@11@18
50031755;	211;	0;	2021@11@18
50031756;	229;	0;	2021@11@18
50032200;	1661;	0;	2021@11@18
50032201;	1661;	0;	2021@11@18
50032212;	465;	0;	2021@11@18
50032213;	1661;	0;	2021@11@18
50032214;	1661;	0;	2021@11@18
60002027;	322;	0;	2021@11@18
60002094;	246;	0;	2021@11@18
60002407;	116;	0;	2021@11@18
60002444;	211;	0;	2021@11@18
60002446;	229;	0;	2021@11@18
60002447;	270;	0;	2021@11@18
60002748;	322;	0;	2021@11@18
60002853;	188;	0;	2021@11@18
60003120;	270;	0;	2021@11@13
60003121;	222;	1;	2021@11@07
60003127;	287;	0;	2021@11@07
60003128;	47;	0;	2021@11@07
60003129;	236;	0;	2021@11@11
60003130;	282;	0;	2021@11@15
60003216;	2280;	0;	2021@11@18
60003217;	335;	2;	2021@11@11
60003218;	58;	0;	2021@11@18
60003219;	1806;	0;	2021@11@18
60003220;	1329;	1;	2021@11@28
60003221;	1329;	0;	2021@11@18
60003222;	1329;	0;	2021@11@18
60003223;	439;	0;	2021@11@10
60003224;	282;	0;	2021@11@10
60003225;	2280;	0;	2021@11@18
60003226;	1197;	0;	2021@11@18
60003227;	2280;	0;	2021@11@14
60003228;	2280;	0;	2021@11@18
60003229;	2280;	0;	2021@11@18
60003259;	211;	0;	2021@11@15
60003263;	65;	0;	2021@11@18
60003276;	3589;	0;	2021@11@18
60003277;	4783;	0;	2021@11@18
60003278;	4783;	0;	2021@11@18
60003284;	3589;	0;	2021@11@18
60003285;	4653;	0;	2021@11@18
60003293;	216;	0;	2021@11@18
60003334;	165;	0;	2021@11@10
60003335;	165;	0;	2021@11@18
60003585;	178;	0;	2021@11@18
60003586;	178;	0;	2021@11@18
60003587;	239;	0;	2021@11@18
60003588;	239;	4;	2021@11@08
60003860;	734;	0;	2021@11@18
60003912;	3390;	0;	2021@11@12
60003913;	7799;	0;	2021@11@18
60004009;	9003;	0;	2021@11@18
60004010;	9003;	0;	2021@11@18
60004036;	1575;	3;	2021@12@11
60004037;	4991;	0;	2022@01@18
60004064;	373;	0;	2021@11@18
60004065;	373;	0;	2021@11@18
60004077;	12340;	0;	2021@11@18
60004080;	2349;	2;	2021@11@12
60004113;	217;	5;	2021@11@12
60004118;	2865,8;	0;	2021@11@18
60004119;	3233;	0;	2021@11@18
60004120;	3270;	0;	2021@11@14
60004121;	4343;	0;	2021@11@18
60004148;	217;	0;	2021@11@18
60004221;	173;	0;	2021@11@18
60004222;	173;	0;	2021@11@22
60004223;	165;	2;	2022@01@10
60004224;	165;	0;	2021@12@29
60004231;	823;	0;	2021@11@18
60004235;	12340;	0;	2021@11@14
60004302;	523;	0;	2021@11@18
60004303;	429;	3;	2022@06@11
60004304;	341;	10;	2021@11@19
60004305;	970;	0;	2021@11@18
60004316;	4578;	0;	2021@11@18
60004317;	3222;	0;	2021@11@14
60004318;	9982;	0;	2021@12@18
60004328;	1150;	1;	2021@11@18
60004329;	999;	0;	2021@11@04
60004330;	874;	0;	2021@11@04
60004331;	862,42;	0;	2021@11@18
60004365;	2032;	0;	2021@11@18
60004376;	167;	0;	2021@11@18
60004377;	165;	0;	2021@11@18
60004486;	332;	0;	2021@12@19
60004488;	332;	0;	2021@11@18
60004489;	16453;	0;	2021@11@06
60004490;	16453;	0;	2021@11@18
60004496;	216;	0;	2021@12@16
60004499;	823;	0;	2021@11@18
60004516;	8185;	0;	2021@11@21
60004517;	2078;	0;	2021@12@06
60004518;	1506;	0;	2021@11@22
60004519;	2745;	0;	2021@12@21
60004523;	3491;	0;	2021@11@24
60004524;	2910;	0;	2021@11@08
60004525;	2586;	4;	2022@01@24
60004526;	2663;	0;	2021@11@18
60004527;	4324;	0;	2021@11@18
60004529;	599;	0;	2021@11@17
60004544;	435;	1;	2021@12@29
60004557;	1031;	6;	2022@01@11
60004575;	5899;	0;	2021@11@18
60004576;	7241;	0;	2021@11@16
60004577;	14790;	0;	2021@11@18
60004582;	8097;	0;	2021@11@18
60004584;	5723;	0;	2021@11@18
60004585;	7206;	0;	2021@11@18
60004621;	90406;	0;	2021@11@18
60004622;	103211;	0;	2021@11@18
60004633;	216;	0;	2021@11@18
60004634;	343;	0;	2021@11@18
60004650;	438;	0;	2021@11@18
60004676;	290;	8;	2021@11@13
60004677;	290;	0;	2021@11@18
60004679;	6952;	0;	2021@11@18
60004680;	8647;	0;	2022@01@03
60004691;	523;	0;	2021@11@22
60004704;	380;	1;	2022@02@16
60004708;	1900;	0;	2021@10@30
60004780;	13352;	0;	2021@11@18
60004781;	211;	0;	2021@11@22
60004782;	211;	0;	2021@11@18
60004786;	207;	0;	2021@11@18
60004787;	207;	0;	2021@11@18
60004811;	1975;	0;	2021@11@26
60004824;	2508;	0;	2021@11@07
60004825;	3295;	0;	2021@11@29
60004856;	189;	0;	2021@11@18
60004882;	2057;	0;	2021@11@11
60004884;	2637;	0;	2021@11@18
60004912;	1674;	3;	2022@01@01
60004913;	1530;	8;	2021@12@02
60004921;	4079;	0;	2021@10@29
60004941;	2450;	0;	2021@11@18
60004971;	4583;	0;	2021@11@12
60004972;	6533;	0;	2021@11@18
60004973;	12431;	0;	2021@11@12
60004983;	9737;	0;	2021@11@12
60004990;	189;	0;	2021@11@18
60004993;	941;	0;	2021@11@18
60W POE INJECTOR EU;	57,8;	0;	2021@11@15
80000009;	7829;	0;	2021@11@18
80000010;	5193;	0;	2021@11@05
CS-CMT-BATTERY-A;	24,2;	15;	2021@12@09
CS-CMT-BRACKET-A;	6,9;	8;	2021@11@18
CS-CMT-CHARGER-A;	13,8;	18;	2022@02@27
CS-CV228-A0-3C2WFR;	69,1;	6;	2021@11@18
CS-CV246-B0-3B2WFR;	41,4;	14;	2021@11@18
CS-CV310-A0-1B2WFR;	69,1;	20;	2021@11@18
CS-LC1-A0-1B2WPFRL;	75,89;	0;	2021@11@12
CS-W2D-EUP;	89,8;	10;	2021@11@18
CS-WLB-B1-EUP;	241,6;	54;	2021@11@14
DS-1005KI;	161,2;	1;	2021@11@05
DS-1227ZJ;	16,4;	0;	2021@11@28
DS-1227ZJ-DM32;	14,7;	0;	2021@12@22
DS-1227ZJ-DM37;	19,4;	0;	2021@11@04
DS-1227ZJ-PT6;	9,9;	0;	2021@12@31
DS-1250ZJ;	5,8;	22;	2021@11@05
DS-1250ZJ(BLACK);	9,9;	0;	2021@12@27
DS-1253ZJ-M;	8,2;	0;	2021@11@05
DS-1258ZJ;	5,1;	12;	2021@11@05
DS-1258ZJ(BLACK);	5,1;	0;	2022@01@10
DS-1259ZJ;	3,4;	7;	2021@10@29
DS-1259ZJ(BLACK);	3,4;	0;	2021@12@12
DS-1260ZJ;	9,9;	20;	2021@11@05
DS-1271ZJ-110;	23,5;	8;	2021@11@22
DS-1271ZJ-110(BLACK);	23,5;	0;	2021@12@25
DS-1271ZJ-120;	35,4;	0;	2021@12@20
DS-1271ZJ-140;	35,4;	0;	2021@12@18
DS-1271ZJ-DM25(M1);	29,7;	0;	2021@11@28
DS-1272ZJ-110;	12,3;	19;	2021@11@05
DS-1272ZJ-110(BLK);	12,3;	12;	2021@11@05
DS-1272ZJ-110B;	21,8;	2;	2021@11@05
DS-1272ZJ-110B(BLACK);	21,8;	0;	2021@12@21
DS-1272ZJ-120;	13;	19;	2021@11@05
DS-1272ZJ-120(BLK);	13;	0;	2021@11@05
DS-1272ZJ-120B;	23,5;	21;	2021@11@12
DS-1273ZJ-130-TRL;	16,4;	0;	2021@11@05
DS-1273ZJ-130-TRL-BLK;	16,4;	2;	2021@11@17
DS-1273ZJ-135;	14,7;	11;	2021@11@05
DS-1273ZJ-140;	14,7;	2;	2021@11@05
DS-1273ZJ-DM25;	22,8;	0;	2021@11@05
DS-1273ZJ-DM26;	24,2;	0;	2021@11@11
DS-1273ZJ-DM32;	22,8;	0;	2021@11@12
DS-1273ZJ-PT6;	14,7;	10;	2021@12@18
DS-1275ZJ;	14;	14;	2021@11@05
DS-1275ZJ(SPTZ);	13;	0;	2022@01@07
DS-1275ZJ-S-SUS;	17,7;	0;	2021@11@05
DS-1275ZJ-SUS;	23,5;	7;	2021@11@05
DS-1275ZJ-SUS(BLACK);	27,6;	4;	2022@02@05
DS-1276ZJ-SUS;	23,5;	6;	2021@11@05
DS-1279ZJ;	5,1;	0;	2021@12@26
DS-1280ZJ-DM18;	7,5;	35;	2021@11@05
DS-1280ZJ-DM18(BLK);	7,5;	4;	2021@11@05
DS-1280ZJ-DM21;	8,2;	16;	2021@11@05
DS-1280ZJ-DM21(BLK);	8,2;	0;	2021@11@05
DS-1280ZJ-DM22;	16,4;	0;	2021@11@08
DS-1280ZJ-DM25;	8,2;	0;	2021@11@05
DS-1280ZJ-DM46;	9,9;	14;	2021@11@05
DS-1280ZJ-DM8;	6,8;	0;	2021@11@05
DS-1280ZJ-DM8(BLACK);	6,8;	0;	2021@11@12
DS-1280ZJ-PT6;	10,6;	1;	2021@11@12
DS-1280ZJ-S;	14,7;	8;	2021@11@05
DS-1280ZJ-SD11;	9,9;	0;	2021@12@25
DS-1280ZJ-XS;	900.9;	24;	2021@11@05
DS-1280ZJ-XS(BLACK);	9,2;	9;	2021@11@05
DS-1281ZJ-DM23;	7,5;	0;	2021@11@08
DS-1281ZJ-DM25;	8,2;	0;	2021@12@15
DS-1281ZJ-DM25(M1);	9,6;	0;	2021@11@28
DS-1281ZJ-M;	14,7;	0;	2021@11@14
DS-1281ZJ-S;	14;	0;	2022@01@04
DS-1283ZJ;	35,4;	0;	2021@12@03
DS-1292ZJ;	7,5;	0;	2021@12@24
DS-1293ZJ;	8,9;	5;	2021@11@05
DS-1294ZJ;	9;	2;	2021@11@14
DS-1294ZJ-PT;	11,6;	2;	2021@11@05
DS-1473ZJ-155;	22,8;	0;	2021@11@05
DS-1473ZJ-155(BLACK);	22,8;	0;	2021@11@05
DS-1473ZJ-155B;	41,9;	2;	2021@11@05
DS-1475ZJ-SUS;	23,5;	20;	2021@11@05
DS-1476ZJ-SUS;	23,5;	3;	2021@11@05
DS-1530HMI;	43;	4;	2021@12@19
DS-1600KI;	855,1;	0;	2021@11@22
DS-1602ZJ;	14,7;	14;	2021@11@05
DS-1602ZJ-CORNER;	21,1;	3;	2021@11@05
DS-1602ZJ-P;	17,7;	0;	2021@11@12
DS-1602ZJ-POLE;	21,1;	18;	2021@11@05
DS-1603ZJ;	21,1;	4;	2021@11@17
DS-1604ZJ;	38,8;	16;	2021@11@05
DS-1604ZJ-BOX;	48,3;	6;	2021@11@05
DS-1604ZJ-BOX-CORNER;	62,6;	4;	2021@11@05
DS-1604ZJ-BOX-POLE;	62,6;	3;	2021@11@05
DS-1604ZJ-BOX-POLE-P;	64,3;	0;	2021@11@19
DS-1604ZJ-CORNER;	48,3;	1;	2021@12@11
DS-1604ZJ-P;	40,2;	0;	2021@11@22
DS-1604ZJ-POLE;	48,3;	0;	2021@11@05
DS-1605ZJ;	17,7;	15;	2021@11@05
DS-1660ZJ;	43,6;	2;	2021@11@12
DS-1661ZJ;	16,4;	5;	2021@12@18
DS-1662ZJ;	17,7;	0;	2021@11@12
DS-1663ZJ;	9,9;	3;	2021@11@05
DS-1671ZJ-SD11;	12,3;	0;	2021@11@05
DS-1671ZJ-SDM9;	19,4;	0;	2022@01@04
DS-1673ZJ-P;	17,7;	0;	2021@11@09
DS-1682ZJ;	18,3;	0;	2021@11@28
DS-1684ZJ;	9,9;	0;	2022@01@09
DS-1706ZJ;	9,9;	0;	2022@01@01
DS-1H18S@E;	3,01;	0;	2021@11@12
DS-1H34-0102P;	29,5;	0;	2021@11@04
DS-1LN5E-E@E;	66,9;	0;	2021@11@23
DS-1LN5E-S;	79,4;	8;	2021@11@05
DS-1LN6-UU;	114,9;	0;	2021@11@05
DS-1M02;	9,9;	0;	2021@12@27
DS-2780ZJ-X@316L;	570,2;	0;	
DS-2781ZJ-X@316L;	671,2;	0;	
DS-2CC52H1T-FITS(1.1MM);	99,04;	2;	2021@12@18
DS-2CD1123G0E-I(2.8MM);	39,04;	46;	2021@11@21
DS-2CD1143G0-I(2.8MM);	54,04;	0;	2021@11@05
DS-2CD1643G0-IZ(2.8-12MM);	102,15;	0;	2021@11@05
DS-2CD1743G0-IZ(2.8-12MM);	106,08;	10;	2021@11@05
DS-2CD2023G0-I(4MM);	72,08;	0;	2021@11@05
DS-2CD2025FWD-I(BLACK)(2.8MM);	81,04;	1;	2021@11@04
DS-2CD2026G2-I(2.8MM);	84,04;	0;	2021@11@05
DS-2CD2041G1-IDW1(4MM);	62,7;	1;	2022@02@22
DS-2CD2043G0-I(4MM);	72,08;	12;	2022@01@30
DS-2CD2045FWD-I(2.8MM);	96,08;	5;	2021@12@31
DS-2CD2045FWD-I(BLACK)(2.8MM);	90,08;	10;	2022@02@01
DS-2CD2046G2-I(2.8MM);	104,88;	10;	2021@11@05
DS-2CD2047G1-L(2.8MM);	101;	0;	2022@01@23
DS-2CD2083G0-I(2.8MM);	94;	0;	2021@11@05
DS-2CD2086G2-I(2.8MM);	100;	3;	2021@11@05
DS-2CD2086G2-IU(2.8MM);	165,08;	0;	2022@02@15
DS-2CD2125FWD-I(2.8MM)BLK;	85,08;	0;	2021@11@05
DS-2CD2125G0-IMS(2.8MM);	138,48;	2;	2021@11@22
DS-2CD2126G2-I(2.8MM);	85;	1;	2021@11@05
DS-2CD2143G0-I(4MM);	72,08;	5;	2022@01@22
DS-2CD2143G0-I(BLACK)(2.8MM);	72,08;	0;	2021@11@05
DS-2CD2143G0-IS(2.8MM);	92,88;	18;	2022@01@17
DS-2CD2145FWD-I(2.8MM)BLK;	91,04;	1;	2021@11@05
DS-2CD2146G2-I(2.8MM);	106,28;	6;	2021@12@01
DS-2CD2146G2-ISU(2.8MM);	114,28;	0;	2021@11@23
DS-2CD2183G0-I(2.8MM);	94,08;	0;	2021@11@05
DS-2CD2185FWD-I(2.8MM)BLK;	126,08;	0;	2021@11@05
DS-2CD2326G2-I(2.8MM);	90;	4;	2022@02@21
DS-2CD2345G0P-I(1.68MM);	115,3;	4;	2021@11@05
DS-2CD2346G2-I(2.8MM);	104,88;	20;	2021@12@02
DS-2CD2347G1-LU(2.8MM);	116,28;	2;	2021@12@23
DS-2CD2365FWD-I(2.8MM);	113,78;	2;	2022@01@27
DS-2CD2386G2-I(2.8MM);	125,08;	3;	2021@12@18
DS-2CD2543G0-I(2.8MM);	83,08;	10;	2022@02@04
DS-2CD2543G0-IS(2.8MM);	104,18;	0;	2022@02@26
DS-2CD2563G0-IS(2.8MM);	134,78;	1;	2021@11@05
DS-2CD2625FWD-IZS(2.8-12MM);	174,25;	1;	2022@02@13
DS-2CD2643G0-IZS(2.8-12MM);	186,25;	1;	2022@01@27
DS-2CD2645FWD-IZS(2.8-12MM)(B);	209,65;	2;	2022@01@17
DS-2CD2655FWD-IZS(2.8-12MM);	207,35;	3;	2021@12@23
DS-2CD2686G2-IZS(2.8-12MM);	226,15;	0;	2021@12@25
DS-2CD2725FWD-IZS(2.8-12MM);	190,85;	48;	2021@11@05
DS-2CD2725FWD-IZS(2.8-12MM)BLK;	164,08;	1;	2022@01@13
DS-2CD2726G2-IZS(2.8-12MM);	164;	9;	2021@11@05
DS-2CD2745FWD-IZS(2.8-12MM)(B);	224,75;	0;	2021@11@05
DS-2CD2745FWD-IZS(BLK 2.8-12)B;	180,08;	2;	2021@11@05
DS-2CD2746G2-IZS(2.8-12MM);	209,48;	0;	2021@12@02
DS-2CD2783G0-IZS(2.8-12MM);	228,75;	2;	2021@11@05
DS-2CD2786G2-IZS(2.8-12MM);	226,08;	6;	2021@12@02
DS-2CD2D21G0-D@NF(3.7MM);	72;	1;	2021@11@19
DS-2CD2D21G0@M-D@NF(2.8MM);	80,04;	1;	2022@01@06
DS-2CD2T26G1-4I@SL(2.8MM);	89,15;	1;	
DS-2CD2T43G0-I5(2.8MM);	90,15;	0;	2021@11@26
DS-2CD2T45FWD-I8(4MM);	113,65;	0;	2021@11@05
DS-2CD2T45G0P-I(1.68MM);	130,9;	0;	2021@10@30
DS-2CD2T85FWD-I8(B)(4MM);	173,15;	1;	2021@12@20
DS-2CD2T86G2-4I(2.8MM);	150,08;	5;	2021@11@05
DS-2CD2T86G2-4I(4MM);	150,08;	0;	2021@11@05
DS-2CD4A26FWD-IZHS@P(8-32MM);	479,25;	3;	2022@01@11
DS-2CD4A26FWD-IZS@P(2.8-12MM);	435,85;	1;	2022@01@03
DS-2CD5526G0-IZHS(2.8-12MM)(B);	376,15;	1;	2022@02@10
DS-2CD5546G0-IZHS(2.8-12MM)(B);	366,15;	1;	2021@12@28
DS-2CD6365G0E-IVS(1.27MM)(B);	372;	3;	2021@11@05
DS-2CD6365G0E-S@RC(1.27MM);	300,9;	2;	2021@11@20
DS-2CD63C5G0E-IVS(2MM)(B);	422,7;	7;	2021@11@08
DS-2CD63C5G0E-S@RC(2MM);	401,2;	0;	
DS-2CD6425G0-C1;	203,11;	0;	2021@12@28
DS-2CD6825G0@C-IS(2.0MM);	534,94;	1;	2021@11@05
DS-2CD6825G0@C-IVS(2.0MM);	674,94;	0;	2021@12@15
DS-2CD6D24FWD-IZHS(2.8-12MM);	889,52;	1;	2021@12@26
DS-2CD6D54FWD-IZHS(2.8-12MM);	1046,2;	0;	2021@12@11
DS-2CD6D54G1-ZS@RC(2.8-8MM);	854,5;	0;	
DS-2CD7A26G0@P-IZHS(8-32MM);	530,95;	7;	2022@01@04
DS-2CE16D8T-IT3ZE(2.8-12MM);	51,4;	3;	2021@11@05
DS-2CE16D8T-IT3ZF(2.7-13.5MM);	49,7;	0;	2021@11@11
DS-2CE16H8T-IT5F(3.6MM);	41,2;	0;	2021@11@24
DS-2CE16H8T-ITF(2.8MM);	31,04;	0;	2021@11@05
DS-2CE19H8T-AIT3ZF(2.7-13.5MM);	57,8;	2;	2021@11@19
DS-2CE56D8T-AVPIT3ZF(2.7-13.5);	70,4;	0;	2021@11@07
DS-2CE56D8T-IT3ZE(2.8-12MM);	47,6;	0;	2021@12@03
DS-2CE56D8T-VPIT3ZE(2.8-12MM);	56,1;	5;	2021@11@05
DS-2CE56D8T-VPITF(2.8MM);	32,38;	2;	2021@11@05
DS-2CE56H0T-IT3ZF(2.7-13.5MM);	40,8;	0;	2021@11@20
DS-2CE57H8T-VPITF(2.8MM);	35,4;	0;	2021@11@11
DS-2DB4236I-CWX (WE@316L);	2849,7;	0;	
DS-2DE2A204IW-DE3(2.8-12MM)(C);	124,08;	8;	2021@11@19
DS-2DE2A404IW-DE3(2.8-12MM)(C);	143,58;	12;	2021@11@05
DS-2DE2A404IW-DE3@W(2.8-12)(C);	143;	0;	2021@11@24
DS-2DE3204W-DE(B);	179,28;	0;	2021@10@30
DS-2DE3304W-DE;	214,55;	0;	2021@11@05
DS-2DE4225IW-DE(E);	253,15;	3;	2021@11@13
DS-2DE4225W-DE3(B);	281,15;	2;	2022@01@05
DS-2DE4425IW-DE(E);	320,25;	0;	2021@11@14
DS-2DE4A225IW-DE(B);	335,25;	7;	2021@11@16
DS-2DE7232IW-AE(B);	562,1;	1;	2021@11@11
DS-2DF6A436X-AEL;	285;	0;	2021@11@28
DS-2DY9236I-CWX(W@316L);	6982,9;	0;	
DS-2FP2020;	19,4;	1;	2021@11@05
DS-2TD1217-2@V1;	366,08;	1;	2021@11@24
DS-2TD1217-3@V1;	366,08;	0;	2021@11@12
DS-2TD2117-3@V1;	322,08;	0;	
DS-2TD2117-6@V1;	322,08;	0;	
DS-2TD2136-7@VP;	1615,04;	0;	
DS-2TD2137-10@VP;	1556,15;	0;	
DS-2TD2137-15@VP;	1556,15;	0;	
DS-2TD2137-25@VP;	1703,15;	0;	
DS-2TD2137-35@VP;	1997,15;	0;	
DS-2TD2137-7@VP;	1615,15;	0;	
DS-2TD2617-6@V1;	366,08;	0;	2021@11@16
DS-2TD4237-10@V2;	2496,08;	0;	
DS-2TD4237-25@V2;	2643,42;	0;	
DS-2TD8166-100C2F@V2;	14105;	0;	
DS-3E0105P-E(B);	29,44;	1;	2021@11@04
DS-3E0106HP-E;	29,48;	15;	2021@11@05
DS-3E0109P-E@M(B);	53,64;	0;	2021@11@02
DS-3E0310HP-E;	71,94;	5;	2021@11@05
DS-3E0318P-E(B);	170,05;	0;	2022@02@06
DS-3E0318P-E@M(B);	128,44;	0;	2021@11@05
DS-3E0505P-E;	39,4;	0;	2021@11@05
DS-3E0510P-E;	88,1;	0;	2021@11@05
DS-3E0518P-E;	187,01;	1;	2021@12@22
DS-3E1310P-E;	87,25;	2;	2021@11@12
DS-3E2326P;	543,35;	0;	2021@12@11
DS-6701HFHI@V;	144,9;	0;	
DS-6704HUHI;	201;	0;	2021@12@24
DS-6708HUHI-K;	335,6;	0;	2022@01@02
DS-6901UDI;	478,4;	0;	2021@11@27
DS-7204HQHI-K1@B;	50;	2;	2022@02@08
DS-7204HQHI-K1@P(B);	57,8;	0;	
DS-7204HUHI-K1@P;	83,3;	4;	2021@11@26
DS-7208HQHI-K2@P;	119;	0;	2022@01@10
DS-7208HUHI-K2@P;	180,9;	0;	2021@11@05
DS-7216HQHI-K2@P;	180,2;	0;	2021@11@05
DS-7216HUHI-K2(S);	217,3;	0;	2021@11@05
DS-7216HUHI-K2@P;	261,8;	0;	2021@11@26
DS-7332HUHI-K4;	750,8;	0;	2021@11@21
DS-7604NI-K1(B);	68;	0;	2021@11@17
DS-7604NI-K1@4P(B);	101;	7;	2021@11@29
DS-7608NI-I2;	189,1;	3;	2021@11@05
DS-7608NI-I2@8P;	258,4;	5;	2021@11@05
DS-7608NI-K1(B);	75;	0;	2021@11@11
DS-7608NI-K2;	114,6;	0;	2021@11@05
DS-7608NI-K2@8P;	155,4;	20;	2021@11@05
DS-7616NI-I2;	224,4;	2;	2021@10@30
DS-7616NI-I2@16P;	345,1;	0;	2021@11@05
DS-7616NI-K2;	122,4;	13;	2021@11@23
DS-7616NI-K2@16P;	224,8;	0;	2021@10@30
DS-7716NI-I4(B);	362,1;	4;	2021@11@05
DS-7716NI-I4@16P(B);	465,8;	2;	2021@11@12
DS-7716NI-K4;	241,4;	0;	2021@11@12
DS-7716NI-K4@16P;	362,5;	0;	2021@11@12
DS-7732NI-I4(B);	413,5;	2;	2021@11@04
DS-7732NI-I4@16P(B);	552,5;	2;	2022@03@02
DS-7732NI-I4@24P;	603,9;	0;	
DS-7732NI-K4;	275,8;	0;	2021@11@05
DS-7732NI-K4@16P;	413,5;	0;	
DS-96128NI-I16;	2745,5;	1;	2021@11@19
DS-9632NI-I8;	940,1;	3;	2021@11@26
DS-9664NI-I8;	1259,4;	0;	2021@11@23
DS-C10S-HO4T;	2357;	0;	2022@02@23
DS-C10S-S11T;	5058;	0;	2022@02@23
DS-D5024FC;	187,8;	1;	2022@01@04
DS-D5032FC-A;	348,5;	5;	2021@11@21
DS-D5043QE;	341,4;	0;	2021@11@05
DS-D5043UC;	535;	0;	2021@11@28
DS-D5055UL-B;	370;	2;	2021@11@28
DS-D6055FL-B@S;	1777,6;	0;	2021@12@09
DS-D6055FN-B;	960;	0;	2021@12@19
DS-D60C-B;	277;	0;	2021@11@05
DS-DM1940W;	10,8;	0;	2021@11@27
DS-DN4655W@U;	58,7;	0;	
DS-DN46C2M@B;	449,1;	0;	
DS-DN46C2M@F;	164,8;	0;	
DS-DN49B4M@B;	449,1;	0;	
DS-DN49B4M@F;	164,8;	0;	
DS-DN5501W;	119,1;	0;	2021@11@26
DS-DN55B3M@B;	449,1;	0;	
DS-DN55B3M@F;	187,3;	0;	
DS-DN55E4M@B;	449,1;	0;	
DS-DN55E4M@F;	187,3;	0;	
DS-K1107M;	23,5;	0;	2022@06@17
DS-K1107MK;	30,3;	0;	2021@11@26
DS-K1T501SF;	171,4;	0;	2021@12@22
DS-K2801;	80,3;	0;	2021@11@20
DS-K4T108;	25,2;	2;	2021@11@10
DS-K7M102-M;	1,1;	55;	2021@12@14
DS-K7P01;	7,9;	1;	2021@11@05
DS-K7PEB(GREEN);	15,3;	0;	2021@12@15
DS-KAB8103-IMEX;	22,1;	0;	2022@01@11
DS-KAB86;	2,8;	9;	2021@12@23
DS-KAD706-S;	78,2;	0;	2022@01@30
DS-KAW50-1;	59,5;	0;	2022@01@28
DS-KD-ACF1;	22,1;	6;	2021@11@05
DS-KD-ACF2;	30;	10;	2021@11@05
DS-KD-ACF3;	35,7;	3;	2021@11@19
DS-KD-ACW1;	32,3;	0;	2021@11@19
DS-KD-ACW2;	45,3;	2;	2021@11@05
DS-KD-DIS;	79,9;	2;	2021@11@13
DS-KD-IN;	28,9;	4;	2022@01@07
DS-KD-KK;	36,1;	0;	2021@11@12
DS-KD-KP;	77,9;	4;	2021@11@05
DS-KD-M;	48,3;	2;	2021@11@05
DS-KD8003-IME1@EU;	111,2;	5;	2021@11@05
DS-KD8003-IME1@FLUSH@EU;	106;	0;	2021@11@05
DS-KD8003-IME1@SURFACE@EU;	116;	0;	2021@11@05
DS-KD8003-IME2;	106,5;	0;	2021@11@10
DS-KH6320-WTE1@EU;	104,8;	9;	2021@11@04
DS-KH6320-WTE2;	104,8;	2;	2021@11@18
DS-KH8350-WTE1;	177;	1;	2021@11@22
DS-KH8350-WTE1@EU;	202,3;	11;	2021@11@17
DS-KH8520-WTE1@EU;	238;	0;	2021@11@05
DS-KIS602;	302;	0;	2021@11@05
DS-KIS702;	297,5;	0;	2021@11@05
DS-PD1-MC-WWS(H);	18,6;	11;	2021@11@05
DS-PKFE-5;	12,3;	8;	2021@11@05
DS-PSG-WI-868;	24;	2;	2021@12@16
DS-PSG-WO-868;	56;	5;	2022@01@04
DS-PTS-MF;	2,3;	62;	2021@11@05
DS-PWA32-NST;	172,1;	0;	2021@11@05
DSA-12PFG-12-EU;	2,8;	180;	2021@11@05
HCO-6070R;	145,2;	9;	2021@11@26
HIKCENTRAL-ACS-1DOOR;	24;	0;	2021@11@28
HIKCENTRAL-ATTENDANCE-BASE;	563;	0;	2021@11@28
HIKCENTRAL-DP;	28;	0;	2021@11@28
HIKCENTRAL-FACIALRECO-1CAMERA;	114;	0;	2021@11@28
HIKCENTRAL-PR-1USAGE;	13;	0;	2021@11@28
HIKCENTRAL-PR-BASE;	674;	0;	2021@11@28
HIKCENTRAL-RSM-1SITE;	339;	0;	2021@11@28
HIKCENTRAL-RSM-BASE@2SITE;	6729;	0;	2021@11@28
HIKCENTRAL-SMARTWALL-BASE;	1348;	0;	2021@11@28
HIKCENTRAL-VSS-BASE@300CH;	5003;	0;	2021@11@28
HIKCENTRAL-VSS-BASE@64CH;	1357;	0;	2021@11@28
IC  S50;	1,9;	28;	2021@12@21
IDS-7216HQHI-M2@S;	140,5;	0;	
KPL-040F-VI;	11,6;	0;	2021@11@21
NK44W1H-1T(WD);	411,4;	0;	2021@11@26
PNM-9084RQZ;	1304,7;	0;	2021@11@19
PNM-9085RQZ;	1862,9;	1;	2021@11@05
PSTOR-PICTURE STORAGE-BASE;	114;	0;	2021@11@28
PSTOR-VIDEOSTORAGE-BASE@1CH;	13;	0;	2021@11@28
QND-6012R;	125,3;	10;	2021@12@22
QND-6022R;	125,3;	6;	2021@11@04
QND-6032R;	125,3;	10;	2021@11@04
QND-6082R;	219,6;	8;	2021@11@15
QND-7080R;	257,9;	0;	2021@11@03
QND-8011;	167,1;	0;	2021@10@30
QND-8080R;	307;	6;	2021@11@04
QNO-6082R;	238,1;	8;	2021@11@09
QNO-7010R;	152;	0;	2021@12@12
QNO-7080R;	285,3;	13;	2021@12@16
QNO-8080R;	339,8;	1;	2021@11@03
QNV-6012R;	139,3;	0;	2021@11@05
QNV-6082R;	238,1;	13;	2021@11@23
QNV-7080R;	297,05;	0;	2021@12@05
QNV-8080R;	342,6;	6;	2021@11@03
S50+TK4100;	1,4;	21;	2021@11@05
SBO-100B1;	23,9;	0;	2021@11@03
SBO-126B;	27,2;	0;	2021@11@03
SBP-300CM;	20,4;	0;	2021@11@16
SBP-300HM5;	10,5;	4;	2021@12@03
SBP-300WM;	22,1;	0;	2021@11@16
SBP-300WMW1;	26,1;	0;	2021@11@03
SBP-301HM5;	13,4;	0;	2021@11@03
SBP-302PM;	20,6;	0;	2021@11@03
SBP-303HF;	273,1;	0;	2021@11@01
SBP-317HMW;	31,3;	6;	2021@11@26
SBP-390WMW2;	97,2;	0;	2021@12@16
SBP-SCP@SN;	99,7;	0;	
SBV-136B;	15,6;	0;	2021@11@03
SBV-136BW;	15,6;	0;	2021@11@03
SLA-T2480;	114,6;	0;	2021@11@01
SNP-L6233H;	800,8;	0;	2021@11@16
SPE-110A;	128,5;	0;	2021@11@18
SUP- 1 CAMERA@YEAR UPGRADE;	8,9;	0;	2021@11@28
W125603000;	742,3;	0;	2021@12@11
W125605058;	195,5;	9;	2021@11@19
W125608148;	1684,8;	0;	2021@11@28
W125624210;	62,1;	0;	2021@11@17
W125624216;	4,54;	23;	2021@12@05
W125624221;	176,15;	0;	2022@01@05
W125624230;	124,4;	0;	2022@01@27
W125624242;	906,8;	0;	2021@11@18
W125628954;	18,7;	0;	2021@10@30
W125648309;	472;	7;	2021@12@24
W125655977;	113,08;	18;	2021@12@17
W125660785;	563;	0;	2021@11@28
W125662632;	9,6;	6;	2021@11@05
W125662633;	9,6;	6;	2021@11@21
W125664773;	94,04;	1;	2022@01@03
W125664820;	89,1;	1;	2022@02@04
W125664872;	352,08;	0;	2021@11@30
W125664877;	366,08;	0;	2021@11@02
W125664887;	1556,15;	0;	2021@11@06
W125664891;	1997,15;	0;	2021@11@14
W125664897;	5376,01;	0;	2021@11@30
W125664898;	396,15;	0;	2021@11@30
W125664900;	366,15;	0;	2021@11@08
W125664935;	22,54;	0;	2021@11@30
W125664936;	72,14;	2;	2022@03@15
W125664940;	39,44;	4;	2021@10@29
W125664942;	88,18;	0;	2021@11@17
W125664947;	274,35;	0;	2021@11@05
W125664951;	91,98;	1;	2021@11@05
W125664952;	60,6;	0;	2021@11@25
W125664992;	105,6;	0;	2022@02@23
W125664993;	1223,3;	0;	2021@10@30
W125664998;	1187,8;	0;	2022@01@01
W125665018;	154,4;	0;	2021@12@04
W125665024;	227,8;	0;	2022@01@10
W125665040;	17;	0;	2021@11@05
W125665048;	87;	10;	2021@11@10
W125665244;	16,44;	0;	2021@10@29
W125665263;	22,54;	0;	2022@01@13
W125665288;	16,04;	0;	2021@11@05
W125665302;	27,24;	0;	2021@12@28
W125665322;	29,34;	1;	2022@03@20
W125665327;	33;	0;	2021@11@15
W125665330;	32,04;	0;	2021@12@03
W125665396;	96,9;	0;	2021@12@02
W125665404;	1063;	0;	2021@11@28
W125665405;	16;	0;	2021@11@28
W125665408;	101;	0;	2021@11@28
W125665413;	563;	0;	2021@11@28
W125665421;	58;	0;	2021@11@19
W125665423;	565;	0;	2021@11@28
W125665424;	1797;	0;	2021@11@28
W125665425;	227;	0;	2021@11@28
W125665440;	117,7;	2;	2021@10@30
W125687605;	22894;	0;	2021@11@18
W125698192;	1747;	0;	2021@11@06
W125725881;	39,18;	5;	2021@11@05
W125745909;	81,08;	0;	2021@11@05
W125746919;	57,04;	0;	2022@01@13
W125746920;	884,4;	5;	2021@11@26
W125753489;	66,34;	0;	2021@11@05
W125755099;	77,01;	0;	2021@11@12
W125758839;	92;	0;	2021@12@10
W125759431;	137,08;	7;	2021@11@05
W125760389;	368,9;	0;	2021@12@03
W125760741;	8770;	0;	2021@11@20
W125760742;	8770;	0;	2021@11@20
W125760743;	5849;	0;	2021@11@20
W125760744;	5849;	0;	2021@11@20
W125760779;	1714;	0;	2021@11@18
W125769490;	139;	0;	2021@11@25
W125770535;	2536;	0;	2021@11@18
W125770893;	4,1;	0;	2021@11@28
W125781271;	5,5;	8;	2021@11@05
W125782342;	1170,3;	2;	2021@11@19
W125783265;	565;	0;	2021@11@03
W125785145;	815,9;	0;	2021@11@19
W125785148;	1115,9;	2;	2021@11@25
W125785401;	1389;	0;	2021@11@18
W125786882;	108,28;	0;	2022@02@17
W125786891;	5,1;	0;	2021@11@28
W125787722;	55;	20;	2022@02@08
W125787807;	117,4;	6;	2021@11@18
W125798202;	1744;	0;	2021@11@30
W125799821;	193;	0;	2021@11@28
W125801315;	801,8;	0;	2021@11@30
W125804092;	352,6;	0;	2021@11@12
W125804552;	121;	6;	2022@01@01
W125804553;	16;	2;	2021@12@19
W125804571;	113;	17;	2021@12@16
W125804943;	222;	0;	2021@11@18
W125804944;	5299;	0;	2021@11@18
W125804945;	4316;	0;	2021@11@18
W125804946;	3383;	0;	2021@11@18
W125804947;	4231;	0;	2021@11@18
W125804951;	102;	0;	2021@11@18
W125804955;	870;	0;	2021@11@18
W125804956;	73;	0;	2021@11@18
W125804957;	195;	0;	2021@11@18
W125804958;	208;	0;	2021@11@18
W125804959;	44;	0;	2021@11@18
W125804961;	75;	0;	2021@11@18
W125805240;	12708,8;	0;	2021@11@15
W125805241;	5855;	0;	2021@11@15
W125805242;	4099,8;	0;	2021@11@15
W125805246;	1432,4;	0;	2021@12@24
W125805252;	1682,9;	0;	2021@11@17
W125812481;	84;	0;	2021@11@19
W125817263;	8858;	0;	2021@11@18
W125817264;	9033;	0;	2021@11@18
W125817265;	8858;	0;	2021@11@18
W125817266;	9033;	0;	2021@11@11
W125817267;	5999;	0;	2021@11@18
W125817268;	6145;	0;	2021@11@18
W125817269;	5999;	0;	2021@11@18
W125817270;	6145;	0;	2021@11@18
W125818379;	219,3;	0;	2021@12@10
W125818392;	256,7;	0;	2021@10@29
W125821387;	956,52;	0;	2021@12@01
W125821842;	149,7;	3;	2021@10@30
W125826033;	29,2;	7;	2021@11@05
W125826034;	22,1;	4;	2021@11@05
W125826035;	14,9;	0;	2021@10@30
W125826543;	231,2;	0;	2022@01@14
W125828083;	104,9;	0;	2021@11@01
W125828084;	47,9;	9;	2021@11@17
W125828085;	31,6;	0;	2021@10@30
W125828086;	13,6;	0;	2021@10@30
W125828089;	65;	0;	2021@11@11
W125828090;	14,2;	0;	2021@11@26
W125828092;	14,8;	0;	2021@11@18
W125828098;	154;	1;	2021@11@05
W125828099;	219,8;	0;	2021@11@05
W125828104;	2;	0;	2021@11@14
W125828105;	2;	0;	2021@11@15
W125828106;	3660;	1;	2021@11@13
W125836256;	1256,42;	0;	2021@11@05
W125836264;	89,8;	50;	2021@11@09
W125836336;	1,7;	0;	2021@11@05
W125838900;	24,2;	18;	2021@11@18
W125839855;	137;	0;	2021@11@18
W125841764;	179;	0;	2021@11@18
W125841765;	4405;	0;	2021@11@18
W125841766;	187;	0;	2021@11@18
W125841767;	206;	0;	2021@11@18
W125841769;	1512;	0;	2021@11@18
W125841770;	3025;	0;	2021@11@18
W125841775;	1756;	0;	2021@11@18
W125841776;	3511;	0;	2021@11@18
W125841781;	974;	0;	2021@11@18
W125841782;	1948;	0;	2021@11@18
W125841787;	1972;	0;	2021@11@18
W125841788;	3944;	0;	2021@11@18
W125841793;	2686;	0;	2021@11@18
W125841794;	5370;	0;	2021@11@18
W125841799;	1373;	0;	2021@11@18
W125841800;	2746;	0;	2021@11@18
W125841804;	1563;	0;	2021@11@18
W125841805;	3125;	0;	2021@11@18
W125841810;	836;	0;	2021@11@18
W125841811;	1669;	0;	2021@11@18
W125841816;	3427;	0;	2021@11@18
W125841821;	1821;	0;	2021@11@18
W125841822;	3643;	0;	2021@11@18
W125841826;	3723;	0;	2021@11@18
W125841827;	8332;	0;	2021@11@18
W125841828;	7446;	0;	2021@11@18
W125841829;	11169;	0;	2021@11@18
W125841830;	18614;	0;	2021@11@18
W125841831;	15246;	0;	2021@11@18
W125841832;	22869;	0;	2021@11@18
W125841833;	38114;	0;	2021@11@18
W125841834;	16132;	0;	2021@11@18
W125841835;	22337;	0;	2021@11@18
W125841836;	38469;	0;	2021@11@18
W125841837;	19988;	0;	2021@11@18
W125841838;	28763;	0;	2021@11@18
W125841839;	48750;	0;	2021@11@18
W125841840;	14891;	0;	2021@11@18
W125841841;	30491;	0;	2021@11@18
W125841842;	29782;	0;	2021@11@18
W125841843;	38350;	0;	2021@11@18
W125841844;	2571;	0;	2021@11@18
W125841845;	3635;	0;	2021@11@18
W125841846;	2549;	0;	2021@11@18
W125841847;	4432;	0;	2021@11@18
W125841866;	72;	0;	2021@11@18
W125841867;	119;	0;	2021@11@18
W125841868;	119;	0;	2021@11@18
W125841869;	171;	0;	2021@11@18
W125841870;	718;	0;	2021@11@18
W125841871;	570;	0;	2021@11@18
W125841872;	570;	0;	2021@11@18
W125841873;	763;	0;	2021@11@18
W125845471;	101;	4;	2021@12@13
W125845493;	57,5;	2;	2021@11@05
W125845496;	73,8;	1;	2021@12@22
W125845505;	260;	9;	2021@11@28
W125845506;	338;	0;	2021@11@23
W125845510;	374,55;	0;	2021@11@12
W125845515;	365,25;	0;	2021@11@10
W125845516;	487;	0;	2021@11@10
W125845519;	340,25;	0;	2021@11@01
W125845526;	358,35;	0;	2022@02@04
W125845535;	374,65;	0;	2021@11@28
W125845540;	360,65;	0;	2022@01@23
W125845543;	794,02;	0;	2021@11@02
W125845568;	306,15;	0;	2022@01@08
W125845587;	1997,15;	0;	2021@11@20
W125845591;	75,44;	0;	2021@11@05
W125845592;	178,85;	1;	2021@11@05
W125845601;	81,6;	2;	2021@10@30
W125845611;	195;	0;	2021@11@03
W125845671;	511,7;	0;	2021@11@29
W125845673;	498,6;	6;	2021@11@21
W125845679;	36,5;	1;	2021@11@24
W125845735-C1;	119,08;	1;	2021@11@28
W125845779;	565;	0;	2021@11@28
W125845780;	282;	0;	2021@11@28
W125845781;	2,8;	0;	2021@11@28
W125845782;	26;	0;	2021@11@28
W125845783;	49;	0;	2021@11@28
W125845784;	21;	0;	2021@11@28
W125845786;	114;	0;	2021@11@28
W125845787;	37;	0;	2021@11@28
W125845788;	36;	0;	2021@11@28
W125845805;	2210;	0;	2021@11@28
W125845806;	2637;	0;	2021@11@28
W125845807;	11,6;	0;	2021@11@28
W125845808;	14;	0;	2021@11@28
W125846718;	104,04;	0;	2021@11@05
W125846786;	563,4;	0;	2021@11@23
W125846790;	460,7;	0;	2022@01@14
W125847323;	1255,2;	0;	2021@12@09
W125847325;	1847,2;	2;	2021@11@30
W125863585;	843,7;	6;	2021@11@10
W125866239;	75;	0;	2021@11@15
W125866262;	2409,7;	1;	2021@11@13
W125868628;	221;	6;	2021@11@10
W125868630;	221;	0;	2021@11@18
W125869072;	618,8;	0;	2021@11@20
W125870050;	18;	0;	2021@11@12
W125870053;	2128;	0;	2021@11@12
W125871354;	34,6;	0;	2021@12@02
W125872666;	7928,3;	0;	2022@02@23
W125873449;	124;	0;	2021@11@18
W125873450;	627;	0;	2021@11@18
W125873451;	882;	0;	2021@11@18
W125873452;	89;	0;	2021@11@18
W125873453;	133;	0;	2021@11@18
W125873454;	222;	0;	2021@11@18
W125873455;	178;	0;	2021@11@18
W125883863;	2,4;	0;	2021@11@13
W125897642;	934;	0;	2021@12@06
W125897643;	952,6;	6;	2021@12@07
W125897647;	843,7;	6;	2021@11@13
W125909149;	1041;	0;	2021@11@18
W125910870;	82,4;	0;	2021@11@15
W125910871;	146,8;	0;	2021@11@15
W125910872;	194,9;	0;	2021@10@30
W125910875;	422;	0;	2021@10@30
W125913118;	198,3;	0;	2021@11@26
W125916775;	127;	0;	2021@11@12
W125916783;	10,4;	1;	2021@11@18
W125916785;	69,1;	20;	2021@11@18
W125916786;	76;	9;	2021@11@18
W125916787;	24,2;	1;	2021@11@18
W125916789;	117,4;	7;	2021@12@10
W125916790;	89,8;	1;	2021@11@18
W125922132;	1114;	0;	2021@11@18
W125922133;	544;	9;	2021@11@17
W125922134;	765;	76;	2022@02@16
W125922134-C1;	649,9;	1;	2021@11@18
W125922135;	1223;	10;	2022@01@27
W125922136;	865;	58;	2021@11@04
W125922137;	628;	16;	2022@02@14
W125922138;	1485;	0;	2021@10@29
W125922138-C1;	1075;	1;	2021@11@18
W125922139;	782;	11;	2021@12@15
W125922140;	983;	0;	2021@10@29
W125922141;	1045;	24;	2022@01@25
W125922142;	1400;	5;	2021@11@08
W125923339;	115,6;	0;	2021@11@12
W125923721;	6,1;	25;	2021@12@30
W125926874;	27,61;	16;	2021@11@18
W125927051;	40,2;	0;	2021@11@25
W125927061;	124,28;	0;	2021@11@05
W125927067;	166,3;	0;	2021@11@24
W125927069;	174,8;	0;	2022@01@01
W125927070;	174,8;	0;	2022@02@03
W125927095;	198,3;	2;	2021@11@19
W125927127;	2394;	0;	2021@11@28
W125927141;	919,12;	0;	2021@12@28
W125927155;	1850,25;	0;	2022@02@02
W125927196;	1008,8;	1;	2022@01@03
W125927197;	1539,2;	0;	2021@11@10
W125927234;	208,5;	0;	2021@11@20
W125927235;	280,5;	0;	2021@12@06
W125927237;	106,5;	0;	2021@11@05
W125927238;	140,8;	1;	2021@11@05
W125927239;	140,8;	0;	2021@12@19
W125927240;	151,7;	1;	2021@11@12
W125927242;	162,6;	4;	2021@10@30
W125927248;	28,7;	5;	2021@11@14
W125927249;	70,5;	0;	2022@02@12
W125927252;	19,6;	0;	2021@11@05
W125927253;	55;	0;	2021@11@02
W125927255;	53,5;	0;	2021@11@18
W125927279;	117,44;	18;	2021@11@18
W125927281;	89,84;	20;	2021@11@18
W125927282;	170,5;	51;	2021@11@18
W125927283;	45,5;	1;	2021@12@01
W125929666;	311;	5;	2022@01@04
W125929669;	368;	0;	2021@11@18
W125929670;	1630;	0;	2022@01@16
W125929671;	297;	0;	2021@11@18
W125929672;	368;	0;	2021@11@18
W125938290;	115,6;	0;	2021@11@05
W125938338;	1969,8;	0;	2021@11@18
W125944672;	73,94;	0;	2021@11@05
W125944676;	76,54;	0;	2021@11@05
W125944677;	76,54;	9;	2021@11@05
W125944680;	73,9;	0;	2021@11@05
W125944686;	76,58;	24;	2021@11@05
W125944687;	76,58;	0;	2021@11@05
W125944688;	85,08;	0;	2021@11@26
W125944694;	73,9;	0;	2021@11@19
W125944696;	80,68;	4;	2021@11@26
W125944698;	76,58;	0;	2021@11@21
W125944701;	96,9;	0;	2021@11@05
W125944710;	84,4;	0;	2021@11@05
W125944713;	88,8;	0;	2021@11@05
W125944714;	88,8;	0;	2021@11@26
W125954632;	24;	0;	2021@11@28
W125959867;	302;	20;	2021@11@10
W125959868;	446;	11;	2021@11@04
W125959869;	529;	19;	2021@11@05
W125959870;	590;	7;	2021@11@05
W125959871;	778;	0;	2021@11@04
W125960732;	174316;	0;	2021@11@18
W125960733;	49939;	0;	2021@11@18
W125960734;	193888;	0;	2021@11@18
W125960735;	57978;	0;	2021@11@18
W125960737;	32154;	0;	2021@11@18
W125960738;	65119;	0;	2021@11@18
W125960740;	88668;	0;	2021@11@18
W125960744;	144985;	0;	2021@11@18
W125960745;	42274;	0;	2021@11@18
W125960746;	162728;	0;	2021@11@18
W125960747;	48110;	0;	2021@11@18
W125960749;	25595;	0;	2021@11@18
W125960750;	52753;	0;	2021@11@18
W125960752;	56053;	0;	2021@11@18
W125960756;	3849;	0;	2021@11@18
W125960757;	2653;	0;	2021@11@18
W125960758;	1993;	0;	2021@11@18
W125960759;	1565;	0;	2021@11@18
W125960760;	1207;	0;	2021@11@18
W125960761;	1070;	0;	2021@11@18
W125960762;	994;	0;	2021@11@18
W125960763;	3489;	0;	2021@11@18
W125960764;	2297;	0;	2021@11@18
W125960765;	1679;	0;	2021@11@18
W125960766;	1281;	0;	2021@11@18
W125960767;	739;	0;	2021@11@18
W125960768;	663;	0;	2021@11@18
W125960769;	644;	0;	2021@11@18
W125960771;	5188;	0;	2021@11@18
W125960772;	10374;	0;	2021@11@18
W125960777;	5872;	0;	2021@11@18
W125960778;	11743;	0;	2021@11@18
W125960783;	7119;	0;	2021@11@18
W125960784;	14236;	0;	2021@11@18
W125960789;	7860;	0;	2021@11@18
W125960790;	15718;	0;	2021@11@18
W125960795;	4183;	0;	2021@11@18
W125960796;	8365;	0;	2021@11@18
W125960801;	2554;	0;	2021@11@18
W125960802;	5106;	0;	2021@11@18
W125960807;	5490;	0;	2021@11@18
W125960808;	10980;	0;	2021@11@18
W125960813;	4613;	0;	2021@11@18
W125960814;	9225;	0;	2021@11@18
W125960819;	5282;	0;	2021@11@18
W125960820;	10563;	0;	2021@11@18
W125960825;	6045;	0;	2021@11@18
W125960826;	12087;	0;	2021@11@18
W125960831;	6665;	0;	2021@11@18
W125960832;	13329;	0;	2021@11@18
W125960837;	3162;	0;	2021@11@18
W125960838;	6322;	0;	2021@11@18
W125960843;	1894;	0;	2021@11@18
W125960844;	3785;	0;	2021@11@18
W125960849;	4061;	0;	2021@11@18
W125960850;	8120;	0;	2021@11@18
W125962604;	3121,1;	2;	2021@11@26
W125962606;	364,7;	0;	2021@11@01
W125962694;	114,6;	0;	2021@11@01
W125970263;	111;	0;	2021@11@18
W125970682;	117,38;	1;	2021@11@05
W125970689;	1403;	0;	2021@11@18
W125970690;	9223;	0;	2021@11@18
W125970691;	1640;	0;	2021@11@18
W125970692;	3280;	0;	2021@11@18
W125970693;	1640;	0;	2021@11@18
W125970694;	1640;	0;	2021@11@18
W125970695;	1640;	0;	2021@11@18
W125970696;	1640;	0;	2021@11@18
W125970697;	1640;	0;	2021@11@18
W125970698;	1640;	0;	2021@11@18
W125970699;	2665;	0;	2021@11@18
W125970700;	1640;	0;	2021@11@18
W125970701;	1640;	0;	2021@11@18
W125970702;	1225;	0;	2021@11@18
W125970703;	329;	0;	2021@11@18
W125972711;	97,64;	0;	2022@01@22
W125972714;	93,94;	0;	2021@10@30
W125972718;	95,28;	0;	2021@11@19
W125972719;	95,28;	4;	2021@11@10
W125972721;	97,08;	0;	2021@10@30
W125972722;	101,48;	17;	2021@11@19
W125972725;	93,98;	0;	2021@11@05
W125972729;	108,28;	0;	2021@11@05
W125972730;	102,85;	0;	2021@11@05
W125972731;	167,15;	0;	2021@10@30
W125975066;	167,08;	0;	2021@11@05
W125975068;	106,65;	0;	2021@11@26
W125975072;	111,75;	3;	2021@11@05
W125975080;	111,98;	0;	2022@01@07
W125975081;	111,9;	0;	2021@12@19
W125975082;	111,98;	0;	2021@10@30
W125975084;	111,9;	0;	2021@11@12
W125975085;	132,45;	14;	2021@12@02
W125975086;	132,45;	0;	2021@11@05
W125976523;	4527;	0;	2021@11@28
W125980527;	216;	9;	2021@11@18
W126002962;	1357;	0;	2021@11@17
W126002963;	783;	0;	2021@11@18
W126002965;	1166;	0;	2021@11@18
W126002966;	372;	0;	2021@11@18
W126002967;	215;	0;	2021@11@13
W126002968;	1290;	0;	2021@11@18
W126002969;	69;	0;	2021@11@18
W126002970;	30;	0;	2021@11@18
W126002971;	1596;	0;	2021@11@18
W126002979;	76,2;	0;	2021@11@05
W126007117;	10063;	0;	2021@11@28
W126007118;	8444;	0;	2021@11@28
W126007119;	369;	0;	2021@11@28
W126007121;	565;	0;	2021@11@28
W126007247;	431,28;	0;	2021@11@04
W126007248;	481,25;	0;	2021@11@05
W126007249;	392,85;	0;	2021@11@21
W126007255;	210;	0;	2021@11@28
W126007256;	47,25;	0;	2021@11@28
W126007260;	2016;	0;	2021@11@28
W126007261;	672;	0;	2021@11@28
W126007262;	453,6;	0;	2021@11@28
W126007263;	151,2;	0;	2021@11@28
W126007264;	58;	0;	2021@11@28
W126074701;	78,9;	0;	2021@11@05
W126074957;	207,1;	20;	2021@11@06
W126074962;	560,9;	0;	2021@12@10
W126074963;	72,9;	0;	2021@12@10
W126078719;	138,88;	0;	2021@11@05
W126080047;	2812;	0;	2021@11@18
W126082342;	68;	0;	2021@10@29
W126082343;	75,5;	0;	2021@11@05
W126082344;	110,9;	0;	2021@11@09
W126082378;	164,95;	28;	2022@01@15
W126082444;	224,4;	0;	2021@11@05
W126082445;	258,4;	0;	2021@11@05
W126082446;	345,1;	0;	2021@11@05
W126082453;	130,34;	0;	2021@11@05
W126082462;	165,45;	0;	2021@11@05
W126082467;	221;	25;	2021@10@30
W126082468;	241,25;	3;	2022@01@31
W126082474;	221,15;	0;	2021@11@19
W126082477;	130,38;	0;	2021@11@05
W126082484;	154,88;	1;	2021@11@19
W126083211;	1125;	0;	2021@11@28
W126083212;	1749;	0;	2021@11@28
W126083213;	3,5;	0;	2021@11@28
W126083214;	41;	0;	2021@11@28
W126087980;	140,98;	0;	2021@11@05
W126087981;	143,58;	47;	2021@11@05
W126087983;	374,65;	0;	2021@11@05
W126087984;	413,35;	23;	2021@11@05
W126092059;	31;	0;	2021@12@16
W126092066;	777;	0;	2021@11@20
W126092067;	881;	0;	2021@11@18
W126092068;	960;	0;	2021@11@18
W126092069;	1287;	0;	2021@11@18
W126092070;	915;	0;	2022@01@19
W126092071;	1006;	0;	2021@11@18
W126092072;	1135;	0;	2021@11@18
W126092073;	1539;	0;	2021@11@18
W126092074;	1230;	0;	2021@11@18
W126092075;	1368;	0;	2021@11@18
W126092076;	1533;	0;	2021@11@18
W126092077;	1443;	0;	2021@11@18
W126092078;	1696;	0;	2021@11@18
W126092079;	1783;	0;	2022@01@09
W126092080;	1929;	0;	2021@11@18
W126092081;	2122;	0;	2021@11@18
W126092082;	1672;	0;	2021@11@16
W126092135;	2520,45;	0;	2021@11@01
W126092163;	131,6;	1;	2022@02@28
W126097892;	1566;	0;	2021@11@18
W126098125;	231,35;	0;	2022@01@03
W126108426;	1188;	0;	2021@11@18
W126110047;	86,55;	0;	2021@11@13
W126110049;	86,48;	0;	2021@10@30
W126143149;	88,88;	10;	2021@12@25
W126143154;	155,48;	0;	2021@11@05
W126143156;	87,84;	0;	2021@11@05
W126143189;	165,04;	0;	2021@11@28
W126143197;	142,58;	0;	2021@11@05
W126146198;	677;	7;	2021@11@15
W126146202;	460;	0;	2021@11@01
W126147291;	3325;	0;	2021@11@18
W126155099;	39244;	0;	2021@11@18
W126155100;	38612;	0;	2021@11@18
W126156999;	284,45;	0;	2021@11@05
W126158903;	553,25;	0;	2021@11@05
W126159845;	288;	0;	2021@11@03
W126160151;	321;	0;	2021@11@18
W126160152;	346;	0;	2021@11@18
W126160153;	377;	0;	2021@11@18
W126160154;	522;	0;	2021@11@18
W126160155;	164;	0;	2021@11@18
W126160156;	180;	0;	2021@11@18
W126160157;	199;	0;	2021@11@18
W126160158;	32;	0;	2021@11@18
W126160159;	1272;	0;	2021@11@18
W126160160;	1164;	0;	2021@11@18
W126160161;	403;	0;	2021@11@09
W126160162;	3045;	0;	2021@11@18
W126160163;	4820;	0;	2021@11@18
W126160164;	81;	0;	2021@11@18
W126160165;	81;	0;	2021@11@18
W126160166;	54;	0;	2021@11@18
W126160167;	62;	0;	2021@11@18
W126160168;	465;	0;	2021@11@18
W126162895;	124,4;	1;	2022@02@11
W126170646;	103,18;	0;	2021@11@05
W126170648;	144,98;	0;	2021@11@05
W126170650;	121,18;	0;	2021@11@05
W126170651;	104,48;	0;	2021@11@19
W126172703;	907,05;	0;	2021@11@19
W126172705;	849,35;	0;	2021@11@02
W126172706;	964,65;	0;	2021@11@19
W126173162;	3630;	10;	2022@02@23
W126176507;	107,58;	0;	2021@11@12
W126179707;	38,9;	1;	2021@12@24
W126186277;	1125,1;	0;	2021@12@30
W126203241;	56,58;	0;	2021@11@15
W126203243;	56,54;	0;	2021@11@04
W126203250;	83,08;	0;	2021@11@12
W126203251;	99,34;	0;	2021@11@19
W126203287;	107,54;	0;	2021@11@05
W126203292;	157,18;	0;	2021@11@05
W126203294;	157,14;	0;	2021@11@19
W126203297;	120,74;	0;	2021@11@12
W126203298;	120,74;	0;	2021@11@12
W126203310;	141,14;	0;	2021@11@19
W126203311;	99,38;	0;	2021@11@12
W126203318;	251,38;	0;	2021@11@15
W126203319;	251,34;	10;	2021@12@02
W126203385;	342,84;	0;	2021@11@05
W126203398;	68;	4;	2021@11@17
W126203418;	93,9;	0;	2021@11@05
W126203470;	1630,7;	0;	2021@12@26
W126205524;	306;	0;	2021@11@18
W126205525;	306;	0;	2021@11@18
W126205526;	1443;	0;	2021@11@18
W126205527;	1696;	0;	2021@11@18
W126205528;	2205;	0;	2021@11@18
W126205529;	1612;	0;	2021@11@18
W126205530;	1781;	0;	2021@11@18
W126205531;	2502;	0;	2021@11@18
W126205532;	1781;	0;	2021@11@18
W126205533;	1950;	0;	2021@11@18
W126205534;	2205;	0;	2021@11@18
W126205536;	2374;	0;	2021@11@18
W126205537;	1970;	0;	2021@11@18
W126205538;	32;	0;	2021@11@18
W126205539;	37;	0;	2021@11@18
W126205540;	32247;	0;	2021@11@18
W126205541;	1960;	0;	2021@11@18
W126205542;	1499;	0;	2021@11@18
W126205543;	1205;	0;	2021@11@18
W126205544;	1404;	0;	2021@11@18
W126205545;	2807;	0;	2021@11@18
W126205546;	1404;	0;	2021@11@18
W126205547;	1404;	0;	2021@11@18
W126205548;	516;	0;	2021@11@18
W126205549;	628;	0;	2021@11@18
W126205550;	618;	0;	2021@11@18
W126205551;	679;	0;	2021@11@18
W126205552;	805;	0;	2021@11@18
W126205553;	923;	0;	2021@11@18
W126205554;	1235;	0;	2021@11@18
W126205555;	1835;	0;	2021@11@18
W126208309;	199;	0;	2021@11@03
W126208311;	5240,7;	0;	2021@11@28
W126208316;	4,8;	0;	2021@11@28
W126208320;	693,2;	0;	2021@11@28
W126208321;	69,5;	0;	2021@11@28
W126208322;	69,5;	0;	2021@11@28
W126208323;	555,5;	0;	2021@11@28
W126208744;	8,4;	0;	2021@11@28
W126208747;	10,5;	0;	2021@11@28
W126209623;	311,85;	0;	2021@12@10
W126209632;	283,98;	0;	2021@11@20
W126259920;	438,3;	0;	2021@11@20
W126275832;	117,4;	8;	2021@11@18
W126290795;	2607;	0;	2021@11@18
W126290796;	3983,3;	0;	2021@11@18
W126308958;	323;	0;	2021@11@12
W126308962;	103,6;	5;	2021@11@18
W126326780;	16;	0;	2021@11@18
W126326781;	16;	0;	2021@11@18
W126326782;	11;	0;	2021@11@18
W126326783;	8;	0;	2021@11@18
W126326784;	16;	0;	2021@11@18
W126326785;	127;	0;	2021@11@18
W126326786;	2960;	0;	2021@11@18
W126326787;	597;	0;	2021@11@18
W126326788;	2960;	0;	2021@11@18
W126326789;	597;	0;	2021@11@18
W126344780;	119,48;	0;	2021@11@19
W126344890;	1459,2;	0;	2021@11@28
W126344893;	2576,6;	0;	2021@11@28
W126344950;	1459,2;	0;	2021@11@28
W126399473;	219,9;	0;	2021@10@30
XNB-6001;	245;	0;	2021@11@19
XND-6020R;	259,4;	11;	2021@11@19
XND-8020F;	305,4;	1;	2021@11@01
XNF-8010RV;	525;	0;	2021@11@03
XNO-6085R;	857,2;	0;	2021@11@24
XNO-6120R;	709,5;	5;	2021@11@04
XNO-6120R@FNP;	1255,45;	0;	
XNO-8080R;	650,8;	0;	2021@11@16
XNV-6080R;	578,8;	6;	2021@11@06
